Código,Município,Região Administrativa,Região de Governo,Região Metropolitana,Aglomerações Urbanas
3500105,Adamantina,Região Administrativa de Presidente Prudente,Região de Governo de Adamantina,-,-
3500204,Adolfo,Região Administrativa de São José do Rio Preto,Região de Governo de São José do Rio Preto,-,-
3500303,Aguaí,Região Administrativa de Campinas,Região de Governo de São João da Boa Vista,-,-
3500402,Águas da Prata,Região Administrativa de Campinas,Região de Governo de São João da Boa Vista,-,-
3500501,Águas de Lindóia,Região Administrativa de Campinas,Região de Governo de Bragança Paulista,-,-
3500550,Águas de Santa Bárbara,Região Administrativa de Sorocaba,Região de Governo de Avaré,-,-
3500600,Águas de São Pedro,Região Administrativa de Campinas,Região de Governo de Piracicaba,-,Aglomeração Urbana de Piracicaba
3500709,Agudos,Região Administrativa de Bauru,Região de Governo de Bauru,-,-
3500758,Alambari,Região Administrativa de Sorocaba,Região de Governo de Itapetininga,Região Metropolitana de Sorocaba,-
3500808,Alfredo Marcondes,Região Administrativa de Presidente Prudente,Região de Governo de Presidente Prudente,-,-
3500907,Altair,Região Administrativa de Barretos,Região de Governo de Barretos,-,-
3501004,Altinópolis,Região Administrativa de Ribeirão Preto,Região de Governo de Ribeirão Preto,Região Metropolitana de Ribeirão Preto,-
3501103,Alto Alegre,Região Administrativa de Araçatuba,Região de Governo de Araçatuba,-,-
3501152,Alumínio,Região Administrativa de Sorocaba,Região de Governo de Sorocaba,Região Metropolitana de Sorocaba,-
3501202,Álvares Florence,Região Administrativa de São José do Rio Preto,Região de Governo de Votuporanga,-,-
3501301,Álvares Machado,Região Administrativa de Presidente Prudente,Região de Governo de Presidente Prudente,-,-
3501400,Álvaro de Carvalho,Região Administrativa de Marília,Região de Governo de Marília,-,-
3501509,Alvinlândia,Região Administrativa de Marília,Região de Governo de Marília,-,-
3501608,Americana,Região Administrativa de Campinas,Região de Governo de Campinas,Região Metropolitana de Campinas,-
3501707,Américo Brasiliense,Região Administrativa Central,Região de Governo de Araraquara,-,-
3501806,Américo de Campos,Região Administrativa de São José do Rio Preto,Região de Governo de Votuporanga,-,-
3501905,Amparo,Região Administrativa de Campinas,Região de Governo de Bragança Paulista,-,-
3502002,Analândia,Região Administrativa de Campinas,Região de Governo de Rio Claro,-,Aglomeração Urbana de Piracicaba
3502101,Andradina,Região Administrativa de Araçatuba,Região de Governo de Andradina,-,-
3502200,Angatuba,Região Administrativa de Itapeva,Região de Governo de Itapeva,-,-
3502309,Anhembi,Região Administrativa de Sorocaba,Região de Governo de Botucatu,-,-
3502408,Anhumas,Região Administrativa de Presidente Prudente,Região de Governo de Presidente Prudente,-,-
3502507,Aparecida,Região Administrativa de São José dos Campos,Região de Governo de Guaratinguetá,Região Metropolitana do Vale do Paraíba e Litoral Norte,-
3502606,Aparecida d'Oeste,Região Administrativa de São José do Rio Preto,Região de Governo de Jales,-,-
3502705,Apiaí,Região Administrativa de Itapeva,Região de Governo de Itapeva,-,-
3502754,Araçariguama,Região Administrativa de Sorocaba,Região de Governo de Sorocaba,Região Metropolitana de Sorocaba,-
3502804,Araçatuba,Região Administrativa de Araçatuba,Região de Governo de Araçatuba,-,-
3502903,Araçoiaba da Serra,Região Administrativa de Sorocaba,Região de Governo de Sorocaba,Região Metropolitana de Sorocaba,-
3503000,Aramina,Região Administrativa de Franca,Região de Governo de Franca,-,Aglomeração Urbana de Franca
3503109,Arandu,Região Administrativa de Itapeva,Região de Governo de Itapeva,-,-
3503158,Arapeí,Região Administrativa de São José dos Campos,Região de Governo de Cruzeiro,Região Metropolitana do Vale do Paraíba e Litoral Norte,-
3503208,Araraquara,Região Administrativa Central,Região de Governo de Araraquara,-,-
3503307,Araras,Região Administrativa de Campinas,Região de Governo de Limeira,-,Aglomeração Urbana de Piracicaba
3503356,Arco-Íris,Região Administrativa de Marília,Região de Governo de Tupã,-,-
3503406,Arealva,Região Administrativa de Bauru,Região de Governo de Bauru,-,-
3503505,Areias,Região Administrativa de São José dos Campos,Região de Governo de Cruzeiro,Região Metropolitana do Vale do Paraíba e Litoral Norte,-
3503604,Areiópolis,Região Administrativa de Sorocaba,Região de Governo de Botucatu,-,-
3503703,Ariranha,Região Administrativa de São José do Rio Preto,Região de Governo de Catanduva,-,-
3503802,Artur Nogueira,Região Administrativa de Campinas,Região de Governo de Campinas,Região Metropolitana de Campinas,-
3503901,Arujá,-,-,Região Metropolitana de São Paulo,-
3503950,Aspásia,Região Administrativa de São José do Rio Preto,Região de Governo de Jales,-,-
3504008,Assis,Região Administrativa de Marília,Região de Governo de Assis,-,-
3504107,Atibaia,Região Administrativa de Campinas,Região de Governo de Bragança Paulista,-,-
3504206,Auriflama,Região Administrativa de Araçatuba,Região de Governo de Araçatuba,-,-
3504305,Avaí,Região Administrativa de Bauru,Região de Governo de Bauru,-,-
3504404,Avanhandava,Região Administrativa de Araçatuba,Região de Governo de Araçatuba,-,-
3504503,Avaré,Região Administrativa de Sorocaba,Região de Governo de Avaré,-,-
3504602,Bady Bassitt,Região Administrativa de São José do Rio Preto,Região de Governo de São José do Rio Preto,-,-
3504701,Balbinos,Região Administrativa de Bauru,Região de Governo de Bauru,-,-
3504800,Bálsamo,Região Administrativa de São José do Rio Preto,Região de Governo de São José do Rio Preto,-,-
3504909,Bananal,Região Administrativa de São José dos Campos,Região de Governo de Cruzeiro,Região Metropolitana do Vale do Paraíba e Litoral Norte,-
3505005,Barão de Antonina,Região Administrativa de Itapeva,Região de Governo de Itapeva,-,-
3505104,Barbosa,Região Administrativa de Araçatuba,Região de Governo de Araçatuba,-,-
3505203,Bariri,Região Administrativa de Bauru,Região de Governo de Jaú,-,-
3505302,Barra Bonita,Região Administrativa de Bauru,Região de Governo de Jaú,-,-
3505351,Barra do Chapéu,Região Administrativa de Itapeva,Região de Governo de Itapeva,-,-
3505401,Barra do Turvo,Região Administrativa de Registro,Região de Governo de Registro,-,-
3505500,Barretos,Região Administrativa de Barretos,Região de Governo de Barretos,-,-
3505609,Barrinha,Região Administrativa de Ribeirão Preto,Região de Governo de Ribeirão Preto,Região Metropolitana de Ribeirão Preto,-
3505708,Barueri,-,-,Região Metropolitana de São Paulo,-
3505807,Bastos,Região Administrativa de Marília,Região de Governo de Tupã,-,-
3505906,Batatais,Região Administrativa de Franca,Região de Governo de Franca,Região Metropolitana de Ribeirão Preto,-
3506003,Bauru,Região Administrativa de Bauru,Região de Governo de Bauru,-,-
3506102,Bebedouro,Região Administrativa de Barretos,Região de Governo de Barretos,-,-
3506201,Bento de Abreu,Região Administrativa de Araçatuba,Região de Governo de Araçatuba,-,-
3506300,Bernardino de Campos,Região Administrativa de Marília,Região de Governo de Ourinhos,-,-
3506359,Bertioga,Região Administrativa de Santos,Região de Governo de Santos,Região Metropolitana da Baixada Santista,-
3506409,Bilac,Região Administrativa de Araçatuba,Região de Governo de Araçatuba,-,-
3506508,Birigui,Região Administrativa de Araçatuba,Região de Governo de Araçatuba,-,-
3506607,Biritiba-Mirim,-,-,Região Metropolitana de São Paulo,-
3506706,Boa Esperança do Sul,Região Administrativa Central,Região de Governo de Araraquara,-,-
3506805,Bocaina,Região Administrativa de Bauru,Região de Governo de Jaú,-,-
3506904,Bofete,Região Administrativa de Sorocaba,Região de Governo de Botucatu,-,-
3507001,Boituva,Região Administrativa de Sorocaba,Região de Governo de Itapetininga,Região Metropolitana de Sorocaba,-
3507100,Bom Jesus dos Perdões,Região Administrativa de Campinas,Região de Governo de Bragança Paulista,-,-
3507159,Bom Sucesso de Itararé,Região Administrativa de Itapeva,Região de Governo de Itapeva,-,-
3507209,Borá,Região Administrativa de Marília,Região de Governo de Tupã,-,-
3507308,Boracéia,Região Administrativa de Bauru,Região de Governo de Jaú,-,-
3507407,Borborema,Região Administrativa Central,Região de Governo de Araraquara,-,-
3507456,Borebi,Região Administrativa de Bauru,Região de Governo de Bauru,-,-
3507506,Botucatu,Região Administrativa de Sorocaba,Região de Governo de Botucatu,-,-
3507605,Bragança Paulista,Região Administrativa de Campinas,Região de Governo de Bragança Paulista,-,-
3507704,Braúna,Região Administrativa de Araçatuba,Região de Governo de Araçatuba,-,-
3507753,Brejo Alegre,Região Administrativa de Araçatuba,Região de Governo de Araçatuba,-,-
3507803,Brodowski,Região Administrativa de Ribeirão Preto,Região de Governo de Ribeirão Preto,Região Metropolitana de Ribeirão Preto,-
3507902,Brotas,Região Administrativa de Campinas,Região de Governo de Rio Claro,-,-
3508009,Buri,Região Administrativa de Itapeva,Região de Governo de Itapeva,-,-
3508108,Buritama,Região Administrativa de Araçatuba,Região de Governo de Araçatuba,-,-
3508207,Buritizal,Região Administrativa de Franca,Região de Governo de Franca,-,Aglomeração Urbana de Franca
3508306,Cabrália Paulista,Região Administrativa de Bauru,Região de Governo de Bauru,-,-
3508405,Cabreúva,Região Administrativa de Campinas,Região de Governo de Jundiaí,-,Aglomeração Urbana de Jundiaí
3508504,Caçapava,Região Administrativa de São José dos Campos,Região de Governo de São José dos Campos,Região Metropolitana do Vale do Paraíba e Litoral Norte,-
3508603,Cachoeira Paulista,Região Administrativa de São José dos Campos,Região de Governo de Guaratinguetá,Região Metropolitana do Vale do Paraíba e Litoral Norte,-
3508702,Caconde,Região Administrativa de Campinas,Região de Governo de São João da Boa Vista,-,-
3508801,Cafelândia,Região Administrativa de Bauru,Região de Governo de Lins,-,-
3508900,Caiabu,Região Administrativa de Presidente Prudente,Região de Governo de Presidente Prudente,-,-
3509007,Caieiras,-,-,Região Metropolitana de São Paulo,-
3509106,Caiuá,Região Administrativa de Presidente Prudente,Região de Governo de Presidente Prudente,-,-
3509205,Cajamar,-,-,Região Metropolitana de São Paulo,-
3509254,Cajati,Região Administrativa de Registro,Região de Governo de Registro,-,-
3509304,Cajobi,Região Administrativa de Barretos,Região de Governo de Barretos,-,-
3509403,Cajuru,Região Administrativa de Ribeirão Preto,Região de Governo de Ribeirão Preto,Região Metropolitana de Ribeirão Preto,-
3509452,Campina do Monte Alegre,Região Administrativa de Itapeva,Região de Governo de Itapeva,-,-
3509502,Campinas,Região Administrativa de Campinas,Região de Governo de Campinas,Região Metropolitana de Campinas,-
3509601,Campo Limpo Paulista,Região Administrativa de Campinas,Região de Governo de Jundiaí,-,Aglomeração Urbana de Jundiaí
3509700,Campos do Jordão,Região Administrativa de São José dos Campos,Região de Governo de Taubaté,Região Metropolitana do Vale do Paraíba e Litoral Norte,-
3509809,Campos Novos Paulista,Região Administrativa de Marília,Região de Governo de Assis,-,-
3509908,Cananéia,Região Administrativa de Registro,Região de Governo de Registro,-,-
3509957,Canas,Região Administrativa de São José dos Campos,Região de Governo de Guaratinguetá,Região Metropolitana do Vale do Paraíba e Litoral Norte,-
3510005,Cândido Mota,Região Administrativa de Marília,Região de Governo de Assis,-,-
3510104,Cândido Rodrigues,Região Administrativa Central,Região de Governo de Araraquara,-,-
3510153,Canitar,Região Administrativa de Marília,Região de Governo de Ourinhos,-,-
3510203,Capão Bonito,Região Administrativa de Itapeva,Região de Governo de Itapeva,-,-
3510302,Capela do Alto,Região Administrativa de Sorocaba,Região de Governo de Itapetininga,Região Metropolitana de Sorocaba,-
3510401,Capivari,Região Administrativa de Campinas,Região de Governo de Piracicaba,-,Aglomeração Urbana de Piracicaba
3510500,Caraguatatuba,Região Administrativa de São José dos Campos,Região de Governo de Caraguatatuba,Região Metropolitana do Vale do Paraíba e Litoral Norte,-
3510609,Carapicuíba,-,-,Região Metropolitana de São Paulo,-
3510708,Cardoso,Região Administrativa de São José do Rio Preto,Região de Governo de Votuporanga,-,-
3510807,Casa Branca,Região Administrativa de Campinas,Região de Governo de São João da Boa Vista,-,-
3510906,Cássia dos Coqueiros,Região Administrativa de Ribeirão Preto,Região de Governo de Ribeirão Preto,Região Metropolitana de Ribeirão Preto,-
3511003,Castilho,Região Administrativa de Araçatuba,Região de Governo de Andradina,-,-
3511102,Catanduva,Região Administrativa de São José do Rio Preto,Região de Governo de Catanduva,-,-
3511201,Catiguá,Região Administrativa de São José do Rio Preto,Região de Governo de Catanduva,-,-
3511300,Cedral,Região Administrativa de São José do Rio Preto,Região de Governo de São José do Rio Preto,-,-
3511409,Cerqueira César,Região Administrativa de Sorocaba,Região de Governo de Avaré,-,-
3511508,Cerquilho,Região Administrativa de Sorocaba,Região de Governo de Itapetininga,Região Metropolitana de Sorocaba,-
3511607,Cesário Lange,Região Administrativa de Sorocaba,Região de Governo de Itapetininga,Região Metropolitana de Sorocaba,-
3511706,Charqueada,Região Administrativa de Campinas,Região de Governo de Piracicaba,-,Aglomeração Urbana de Piracicaba
3557204,Chavantes,Região Administrativa de Marília,Região de Governo de Ourinhos,-,-
3511904,Clementina,Região Administrativa de Araçatuba,Região de Governo de Araçatuba,-,-
3512001,Colina,Região Administrativa de Barretos,Região de Governo de Barretos,-,-
3512100,Colômbia,Região Administrativa de Barretos,Região de Governo de Barretos,-,-
3512209,Conchal,Região Administrativa de Campinas,Região de Governo de Limeira,-,Aglomeração Urbana de Piracicaba
3512308,Conchas,Região Administrativa de Sorocaba,Região de Governo de Botucatu,-,-
3512407,Cordeirópolis,Região Administrativa de Campinas,Região de Governo de Limeira,-,Aglomeração Urbana de Piracicaba
3512506,Coroados,Região Administrativa de Araçatuba,Região de Governo de Araçatuba,-,-
3512605,Coronel Macedo,Região Administrativa de Itapeva,Região de Governo de Itapeva,-,-
3512704,Corumbataí,Região Administrativa de Campinas,Região de Governo de Rio Claro,-,Aglomeração Urbana de Piracicaba
3512803,Cosmópolis,Região Administrativa de Campinas,Região de Governo de Campinas,Região Metropolitana de Campinas,-
3512902,Cosmorama,Região Administrativa de São José do Rio Preto,Região de Governo de Votuporanga,-,-
3513009,Cotia,-,-,Região Metropolitana de São Paulo,-
3513108,Cravinhos,Região Administrativa de Ribeirão Preto,Região de Governo de Ribeirão Preto,Região Metropolitana de Ribeirão Preto,-
3513207,Cristais Paulista,Região Administrativa de Franca,Região de Governo de Franca,-,Aglomeração Urbana de Franca
3513306,Cruzália,Região Administrativa de Marília,Região de Governo de Assis,-,-
3513405,Cruzeiro,Região Administrativa de São José dos Campos,Região de Governo de Cruzeiro,Região Metropolitana do Vale do Paraíba e Litoral Norte,-
3513504,Cubatão,Região Administrativa de Santos,Região de Governo de Santos,Região Metropolitana da Baixada Santista,-
3513603,Cunha,Região Administrativa de São José dos Campos,Região de Governo de Guaratinguetá,Região Metropolitana do Vale do Paraíba e Litoral Norte,-
3513702,Descalvado,Região Administrativa Central,Região de Governo de São Carlos,-,-
3513801,Diadema,-,-,Região Metropolitana de São Paulo,-
3513850,Dirce Reis,Região Administrativa de São José do Rio Preto,Região de Governo de Jales,-,-
3513900,Divinolândia,Região Administrativa de Campinas,Região de Governo de São João da Boa Vista,-,-
3514007,Dobrada,Região Administrativa Central,Região de Governo de Araraquara,-,-
3514106,Dois Córregos,Região Administrativa de Bauru,Região de Governo de Jaú,-,-
3514205,Dolcinópolis,Região Administrativa de São José do Rio Preto,Região de Governo de Jales,-,-
3514304,Dourado,Região Administrativa Central,Região de Governo de São Carlos,-,-
3514403,Dracena,Região Administrativa de Presidente Prudente,Região de Governo de Dracena,-,-
3514502,Duartina,Região Administrativa de Bauru,Região de Governo de Bauru,-,-
3514601,Dumont,Região Administrativa de Ribeirão Preto,Região de Governo de Ribeirão Preto,Região Metropolitana de Ribeirão Preto,-
3514700,Echaporã,Região Administrativa de Marília,Região de Governo de Marília,-,-
3514809,Eldorado,Região Administrativa de Registro,Região de Governo de Registro,-,-
3514908,Elias Fausto,Região Administrativa de Campinas,Região de Governo de Piracicaba,-,Aglomeração Urbana de Piracicaba
3514924,Elisiário,Região Administrativa de São José do Rio Preto,Região de Governo de Catanduva,-,-
3514957,Embaúba,Região Administrativa de Barretos,Região de Governo de Barretos,-,-
3515004,Embu das Artes,-,-,Região Metropolitana de São Paulo,-
3515103,Embu-Guaçu,-,-,Região Metropolitana de São Paulo,-
3515129,Emilianópolis,Região Administrativa de Presidente Prudente,Região de Governo de Presidente Prudente,-,-
3515152,Engenheiro Coelho,Região Administrativa de Campinas,Região de Governo de Campinas,Região Metropolitana de Campinas,-
3515186,Espírito Santo do Pinhal,Região Administrativa de Campinas,Região de Governo de São João da Boa Vista,-,-
3515194,Espírito Santo do Turvo,Região Administrativa de Marília,Região de Governo de Ourinhos,-,-
3557303,Estiva Gerbi,Região Administrativa de Campinas,Região de Governo de Campinas,-,-
3515202,Estrela d'Oeste,Região Administrativa de São José do Rio Preto,Região de Governo de Fernandópolis,-,-
3515301,Estrela do Norte,Região Administrativa de Presidente Prudente,Região de Governo de Presidente Prudente,-,-
3515350,Euclides da Cunha Paulista,Região Administrativa de Presidente Prudente,Região de Governo de Presidente Prudente,-,-
3515400,Fartura,Região Administrativa de Itapeva,Região de Governo de Itapeva,-,-
3515608,Fernando Prestes,Região Administrativa Central,Região de Governo de Araraquara,-,-
3515509,Fernandópolis,Região Administrativa de São José do Rio Preto,Região de Governo de Fernandópolis,-,-
3515657,Fernão,Região Administrativa de Marília,Região de Governo de Marília,-,-
3515707,Ferraz de Vasconcelos,-,-,Região Metropolitana de São Paulo,-
3515806,Flora Rica,Região Administrativa de Presidente Prudente,Região de Governo de Adamantina,-,-
3515905,Floreal,Região Administrativa de São José do Rio Preto,Região de Governo de Votuporanga,-,-
3516002,Flórida Paulista,Região Administrativa de Presidente Prudente,Região de Governo de Adamantina,-,-
3516101,Florínia,Região Administrativa de Marília,Região de Governo de Assis,-,-
3516200,Franca,Região Administrativa de Franca,Região de Governo de Franca,-,Aglomeração Urbana de Franca
3516309,Francisco Morato,-,-,Região Metropolitana de São Paulo,-
3516408,Franco da Rocha,-,-,Região Metropolitana de São Paulo,-
3516507,Gabriel Monteiro,Região Administrativa de Araçatuba,Região de Governo de Araçatuba,-,-
3516606,Gália,Região Administrativa de Marília,Região de Governo de Marília,-,-
3516705,Garça,Região Administrativa de Marília,Região de Governo de Marília,-,-
3516804,Gastão Vidigal,Região Administrativa de Araçatuba,Região de Governo de Araçatuba,-,-
3516853,Gavião Peixoto,Região Administrativa Central,Região de Governo de Araraquara,-,-
3516903,General Salgado,Região Administrativa de Araçatuba,Região de Governo de Araçatuba,-,-
3517000,Getulina,Região Administrativa de Bauru,Região de Governo de Lins,-,-
3517109,Glicério,Região Administrativa de Araçatuba,Região de Governo de Araçatuba,-,-
3517208,Guaiçara,Região Administrativa de Bauru,Região de Governo de Lins,-,-
3517307,Guaimbê,Região Administrativa de Bauru,Região de Governo de Lins,-,-
3517406,Guaíra,Região Administrativa de Barretos,Região de Governo de Barretos,-,Aglomeração Urbana de Franca
3517505,Guapiaçu,Região Administrativa de São José do Rio Preto,Região de Governo de São José do Rio Preto,-,-
3517604,Guapiara,Região Administrativa de Itapeva,Região de Governo de Itapeva,-,-
3517703,Guará,Região Administrativa de Franca,Região de Governo de Franca,-,Aglomeração Urbana de Franca
3517802,Guaraçaí,Região Administrativa de Araçatuba,Região de Governo de Andradina,-,-
3517901,Guaraci,Região Administrativa de Barretos,Região de Governo de Barretos,-,-
3518008,Guarani d'Oeste,Região Administrativa de São José do Rio Preto,Região de Governo de Fernandópolis,-,-
3518107,Guarantã,Região Administrativa de Bauru,Região de Governo de Lins,-,-
3518206,Guararapes,Região Administrativa de Araçatuba,Região de Governo de Araçatuba,-,-
3518305,Guararema,-,-,Região Metropolitana de São Paulo,-
3518404,Guaratinguetá,Região Administrativa de São José dos Campos,Região de Governo de Guaratinguetá,Região Metropolitana do Vale do Paraíba e Litoral Norte,-
3518503,Guareí,Região Administrativa de Sorocaba,Região de Governo de Itapetininga,-,-
3518602,Guariba,Região Administrativa de Ribeirão Preto,Região de Governo de Ribeirão Preto,Região Metropolitana de Ribeirão Preto,-
3518701,Guarujá,Região Administrativa de Santos,Região de Governo de Santos,Região Metropolitana da Baixada Santista,-
3518800,Guarulhos,-,-,Região Metropolitana de São Paulo,-
3518859,Guatapará,Região Administrativa de Ribeirão Preto,Região de Governo de Ribeirão Preto,Região Metropolitana de Ribeirão Preto,-
3518909,Guzolândia,Região Administrativa de Araçatuba,Região de Governo de Araçatuba,-,-
3519006,Herculândia,Região Administrativa de Marília,Região de Governo de Tupã,-,-
3519055,Holambra,Região Administrativa de Campinas,Região de Governo de Campinas,Região Metropolitana de Campinas,-
3519071,Hortolândia,Região Administrativa de Campinas,Região de Governo de Campinas,Região Metropolitana de Campinas,-
3519105,Iacanga,Região Administrativa de Bauru,Região de Governo de Bauru,-,-
3519204,Iacri,Região Administrativa de Marília,Região de Governo de Tupã,-,-
3519253,Iaras,Região Administrativa de Sorocaba,Região de Governo de Avaré,-,-
3519303,Ibaté,Região Administrativa Central,Região de Governo de São Carlos,-,-
3519402,Ibirá,Região Administrativa de São José do Rio Preto,Região de Governo de São José do Rio Preto,-,-
3519501,Ibirarema,Região Administrativa de Marília,Região de Governo de Assis,-,-
3519600,Ibitinga,Região Administrativa Central,Região de Governo de Araraquara,-,-
3519709,Ibiúna,Região Administrativa de Sorocaba,Região de Governo de Sorocaba,Região Metropolitana de Sorocaba,-
3519808,Icém,Região Administrativa de São José do Rio Preto,Região de Governo de São José do Rio Preto,-,-
3519907,Iepê,Região Administrativa de Presidente Prudente,Região de Governo de Presidente Prudente,-,-
3520004,Igaraçu do Tietê,Região Administrativa de Bauru,Região de Governo de Jaú,-,-
3520103,Igarapava,Região Administrativa de Franca,Região de Governo de Franca,-,Aglomeração Urbana de Franca
3520202,Igaratá,Região Administrativa de São José dos Campos,Região de Governo de São José dos Campos,Região Metropolitana do Vale do Paraíba e Litoral Norte,-
3520301,Iguape,Região Administrativa de Registro,Região de Governo de Registro,-,-
3520426,Ilha Comprida,Região Administrativa de Registro,Região de Governo de Registro,-,-
3520442,Ilha Solteira,Região Administrativa de Araçatuba,Região de Governo de Andradina,-,-
3520400,Ilhabela,Região Administrativa de São José dos Campos,Região de Governo de Caraguatatuba,Região Metropolitana do Vale do Paraíba e Litoral Norte,-
3520509,Indaiatuba,Região Administrativa de Campinas,Região de Governo de Campinas,Região Metropolitana de Campinas,-
3520608,Indiana,Região Administrativa de Presidente Prudente,Região de Governo de Presidente Prudente,-,-
3520707,Indiaporã,Região Administrativa de São José do Rio Preto,Região de Governo de Fernandópolis,-,-
3520806,Inúbia Paulista,Região Administrativa de Presidente Prudente,Região de Governo de Adamantina,-,-
3520905,Ipaussu,Região Administrativa de Marília,Região de Governo de Ourinhos,-,-
3521002,Iperó,Região Administrativa de Sorocaba,Região de Governo de Sorocaba,Região Metropolitana de Sorocaba,-
3521101,Ipeúna,Região Administrativa de Campinas,Região de Governo de Rio Claro,-,Aglomeração Urbana de Piracicaba
3521150,Ipiguá,Região Administrativa de São José do Rio Preto,Região de Governo de São José do Rio Preto,-,-
3521200,Iporanga,Região Administrativa de Itapeva,Região de Governo de Itapeva,-,-
3521309,Ipuã,Região Administrativa de Franca,Região de Governo de São Joaquim da Barra,-,Aglomeração Urbana de Franca
3521408,Iracemápolis,Região Administrativa de Campinas,Região de Governo de Limeira,-,Aglomeração Urbana de Piracicaba
3521507,Irapuã,Região Administrativa de São José do Rio Preto,Região de Governo de Catanduva,-,-
3521606,Irapuru,Região Administrativa de Presidente Prudente,Região de Governo de Adamantina,-,-
3521705,Itaberá,Região Administrativa de Itapeva,Região de Governo de Itapeva,-,-
3521804,Itaí,Região Administrativa de Itapeva,Região de Governo de Itapeva,-,-
3521903,Itajobi,Região Administrativa de São José do Rio Preto,Região de Governo de Catanduva,-,-
3522000,Itaju,Região Administrativa de Bauru,Região de Governo de Jaú,-,-
3522109,Itanhaém,Região Administrativa de Santos,Região de Governo de Santos,Região Metropolitana da Baixada Santista,-
3522158,Itaóca,Região Administrativa de Itapeva,Região de Governo de Itapeva,-,-
3522208,Itapecerica da Serra,-,-,Região Metropolitana de São Paulo,-
3522307,Itapetininga,Região Administrativa de Sorocaba,Região de Governo de Itapetininga,Região Metropolitana de Sorocaba,-
3522406,Itapeva,Região Administrativa de Itapeva,Região de Governo de Itapeva,-,-
3522505,Itapevi,-,-,Região Metropolitana de São Paulo,-
3522604,Itapira,Região Administrativa de Campinas,Região de Governo de Campinas,-,-
3522653,Itapirapuã Paulista,Região Administrativa de Itapeva,Região de Governo de Itapeva,-,-
3522703,Itápolis,Região Administrativa Central,Região de Governo de Araraquara,-,-
3522802,Itaporanga,Região Administrativa de Itapeva,Região de Governo de Itapeva,-,-
3522901,Itapuí,Região Administrativa de Bauru,Região de Governo de Jaú,-,-
3523008,Itapura,Região Administrativa de Araçatuba,Região de Governo de Andradina,-,-
3523107,Itaquaquecetuba,-,-,Região Metropolitana de São Paulo,-
3523206,Itararé,Região Administrativa de Itapeva,Região de Governo de Itapeva,-,-
3523305,Itariri,Região Administrativa de Registro,Região de Governo de Registro,-,-
3523404,Itatiba,Região Administrativa de Campinas,Região de Governo de Jundiaí,Região Metropolitana de Campinas,-
3523503,Itatinga,Região Administrativa de Sorocaba,Região de Governo de Botucatu,-,-
3523602,Itirapina,Região Administrativa de Campinas,Região de Governo de Rio Claro,-,-
3523701,Itirapuã,Região Administrativa de Franca,Região de Governo de Franca,-,Aglomeração Urbana de Franca
3523800,Itobi,Região Administrativa de Campinas,Região de Governo de São João da Boa Vista,-,-
3523909,Itu,Região Administrativa de Sorocaba,Região de Governo de Sorocaba,Região Metropolitana de Sorocaba,-
3524006,Itupeva,Região Administrativa de Campinas,Região de Governo de Jundiaí,-,Aglomeração Urbana de Jundiaí
3524105,Ituverava,Região Administrativa de Franca,Região de Governo de Franca,-,Aglomeração Urbana de Franca
3524204,Jaborandi,Região Administrativa de Barretos,Região de Governo de Barretos,-,-
3524303,Jaboticabal,Região Administrativa de Ribeirão Preto,Região de Governo de Ribeirão Preto,Região Metropolitana de Ribeirão Preto,-
3524402,Jacareí,Região Administrativa de São José dos Campos,Região de Governo de São José dos Campos,Região Metropolitana do Vale do Paraíba e Litoral Norte,-
3524501,Jaci,Região Administrativa de São José do Rio Preto,Região de Governo de São José do Rio Preto,-,-
3524600,Jacupiranga,Região Administrativa de Registro,Região de Governo de Registro,-,-
3524709,Jaguariúna,Região Administrativa de Campinas,Região de Governo de Campinas,Região Metropolitana de Campinas,-
3524808,Jales,Região Administrativa de São José do Rio Preto,Região de Governo de Jales,-,-
3524907,Jambeiro,Região Administrativa de São José dos Campos,Região de Governo de São José dos Campos,Região Metropolitana do Vale do Paraíba e Litoral Norte,-
3525003,Jandira,-,-,Região Metropolitana de São Paulo,-
3525102,Jardinópolis,Região Administrativa de Ribeirão Preto,Região de Governo de Ribeirão Preto,Região Metropolitana de Ribeirão Preto,-
3525201,Jarinu,Região Administrativa de Campinas,Região de Governo de Jundiaí,-,Aglomeração Urbana de Jundiaí
3525300,Jaú,Região Administrativa de Bauru,Região de Governo de Jaú,-,-
3525409,Jeriquara,Região Administrativa de Franca,Região de Governo de Franca,-,Aglomeração Urbana de Franca
3525508,Joanópolis,Região Administrativa de Campinas,Região de Governo de Bragança Paulista,-,-
3525607,João Ramalho,Região Administrativa de Marília,Região de Governo de Tupã,-,-
3525706,José Bonifácio,Região Administrativa de São José do Rio Preto,Região de Governo de São José do Rio Preto,-,-
3525805,Júlio Mesquita,Região Administrativa de Marília,Região de Governo de Marília,-,-
3525854,Jumirim,Região Administrativa de Sorocaba,Região de Governo de Sorocaba,Região Metropolitana de Sorocaba,-
3525904,Jundiaí,Região Administrativa de Campinas,Região de Governo de Jundiaí,-,Aglomeração Urbana de Jundiaí
3526001,Junqueirópolis,Região Administrativa de Presidente Prudente,Região de Governo de Dracena,-,-
3526100,Juquiá,Região Administrativa de Registro,Região de Governo de Registro,-,-
3526209,Juquitiba,-,-,Região Metropolitana de São Paulo,-
3526308,Lagoinha,Região Administrativa de São José dos Campos,Região de Governo de Taubaté,Região Metropolitana do Vale do Paraíba e Litoral Norte,-
3526407,Laranjal Paulista,Região Administrativa de Sorocaba,Região de Governo de Botucatu,-,Aglomeração Urbana de Piracicaba
3526506,Lavínia,Região Administrativa de Araçatuba,Região de Governo de Andradina,-,-
3526605,Lavrinhas,Região Administrativa de São José dos Campos,Região de Governo de Cruzeiro,Região Metropolitana do Vale do Paraíba e Litoral Norte,-
3526704,Leme,Região Administrativa de Campinas,Região de Governo de Limeira,-,Aglomeração Urbana de Piracicaba
3526803,Lençóis Paulista,Região Administrativa de Bauru,Região de Governo de Bauru,-,-
3526902,Limeira,Região Administrativa de Campinas,Região de Governo de Limeira,-,Aglomeração Urbana de Piracicaba
3527009,Lindóia,Região Administrativa de Campinas,Região de Governo de Bragança Paulista,-,-
3527108,Lins,Região Administrativa de Bauru,Região de Governo de Lins,-,-
3527207,Lorena,Região Administrativa de São José dos Campos,Região de Governo de Guaratinguetá,Região Metropolitana do Vale do Paraíba e Litoral Norte,-
3527256,Lourdes,Região Administrativa de Araçatuba,Região de Governo de Araçatuba,-,-
3527306,Louveira,Região Administrativa de Campinas,Região de Governo de Jundiaí,-,Aglomeração Urbana de Jundiaí
3527405,Lucélia,Região Administrativa de Presidente Prudente,Região de Governo de Adamantina,-,-
3527504,Lucianópolis,Região Administrativa de Bauru,Região de Governo de Bauru,-,-
3527603,Luís Antônio,Região Administrativa de Ribeirão Preto,Região de Governo de Ribeirão Preto,Região Metropolitana de Ribeirão Preto,-
3527702,Luiziânia,Região Administrativa de Araçatuba,Região de Governo de Araçatuba,-,-
3527801,Lupércio,Região Administrativa de Marília,Região de Governo de Marília,-,-
3527900,Lutécia,Região Administrativa de Marília,Região de Governo de Assis,-,-
3528007,Macatuba,Região Administrativa de Bauru,Região de Governo de Bauru,-,-
3528106,Macaubal,Região Administrativa de São José do Rio Preto,Região de Governo de Votuporanga,-,-
3528205,Macedônia,Região Administrativa de São José do Rio Preto,Região de Governo de Fernandópolis,-,-
3528304,Magda,Região Administrativa de São José do Rio Preto,Região de Governo de Votuporanga,-,-
3528403,Mairinque,Região Administrativa de Sorocaba,Região de Governo de Sorocaba,Região Metropolitana de Sorocaba,-
3528502,Mairiporã,-,-,Região Metropolitana de São Paulo,-
3528601,Manduri,Região Administrativa de Sorocaba,Região de Governo de Avaré,-,-
3528700,Marabá Paulista,Região Administrativa de Presidente Prudente,Região de Governo de Presidente Prudente,-,-
3528809,Maracaí,Região Administrativa de Marília,Região de Governo de Assis,-,-
3528858,Marapoama,Região Administrativa de São José do Rio Preto,Região de Governo de Catanduva,-,-
3528908,Mariápolis,Região Administrativa de Presidente Prudente,Região de Governo de Adamantina,-,-
3529005,Marília,Região Administrativa de Marília,Região de Governo de Marília,-,-
3529104,Marinópolis,Região Administrativa de São José do Rio Preto,Região de Governo de Jales,-,-
3529203,Martinópolis,Região Administrativa de Presidente Prudente,Região de Governo de Presidente Prudente,-,-
3529302,Matão,Região Administrativa Central,Região de Governo de Araraquara,-,-
3529401,Mauá,-,-,Região Metropolitana de São Paulo,-
3529500,Mendonça,Região Administrativa de São José do Rio Preto,Região de Governo de São José do Rio Preto,-,-
3529609,Meridiano,Região Administrativa de São José do Rio Preto,Região de Governo de Fernandópolis,-,-
3529658,Mesópolis,Região Administrativa de São José do Rio Preto,Região de Governo de Jales,-,-
3529708,Miguelópolis,Região Administrativa de Franca,Região de Governo de Franca,-,Aglomeração Urbana de Franca
3529807,Mineiros do Tietê,Região Administrativa de Bauru,Região de Governo de Jaú,-,-
3530003,Mira Estrela,Região Administrativa de São José do Rio Preto,Região de Governo de Fernandópolis,-,-
3529906,Miracatu,Região Administrativa de Registro,Região de Governo de Registro,-,-
3530102,Mirandópolis,Região Administrativa de Araçatuba,Região de Governo de Andradina,-,-
3530201,Mirante do Paranapanema,Região Administrativa de Presidente Prudente,Região de Governo de Presidente Prudente,-,-
3530300,Mirassol,Região Administrativa de São José do Rio Preto,Região de Governo de São José do Rio Preto,-,-
3530409,Mirassolândia,Região Administrativa de São José do Rio Preto,Região de Governo de São José do Rio Preto,-,-
3530508,Mococa,Região Administrativa de Campinas,Região de Governo de São João da Boa Vista,Região Metropolitana de Ribeirão Preto,-
3530607,Mogi das Cruzes,-,-,Região Metropolitana de São Paulo,-
3530706,Mogi Guaçu,Região Administrativa de Campinas,Região de Governo de Campinas,-,-
3530805,Mogi Mirim,Região Administrativa de Campinas,Região de Governo de Campinas,-,-
3530904,Mombuca,Região Administrativa de Campinas,Região de Governo de Piracicaba,-,Aglomeração Urbana de Piracicaba
3531001,Monções,Região Administrativa de São José do Rio Preto,Região de Governo de Votuporanga,-,-
3531100,Mongaguá,Região Administrativa de Santos,Região de Governo de Santos,Região Metropolitana da Baixada Santista,-
3531209,Monte Alegre do Sul,Região Administrativa de Campinas,Região de Governo de Bragança Paulista,-,-
3531308,Monte Alto,Região Administrativa de Ribeirão Preto,Região de Governo de Ribeirão Preto,Região Metropolitana de Ribeirão Preto,-
3531407,Monte Aprazível,Região Administrativa de São José do Rio Preto,Região de Governo de São José do Rio Preto,-,-
3531506,Monte Azul Paulista,Região Administrativa de Barretos,Região de Governo de Barretos,-,-
3531605,Monte Castelo,Região Administrativa de Presidente Prudente,Região de Governo de Dracena,-,-
3531803,Monte Mor,Região Administrativa de Campinas,Região de Governo de Campinas,Região Metropolitana de Campinas,-
3531704,Monteiro Lobato,Região Administrativa de São José dos Campos,Região de Governo de São José dos Campos,Região Metropolitana do Vale do Paraíba e Litoral Norte,-
3531902,Morro Agudo,Região Administrativa de Franca,Região de Governo de São Joaquim da Barra,Região Metropolitana de Ribeirão Preto,-
3532009,Morungaba,Região Administrativa de Campinas,Região de Governo de Jundiaí,Região Metropolitana de Campinas,-
3532058,Motuca,Região Administrativa Central,Região de Governo de Araraquara,-,-
3532108,Murutinga do Sul,Região Administrativa de Araçatuba,Região de Governo de Andradina,-,-
3532157,Nantes,Região Administrativa de Presidente Prudente,Região de Governo de Presidente Prudente,-,-
3532207,Narandiba,Região Administrativa de Presidente Prudente,Região de Governo de Presidente Prudente,-,-
3532306,Natividade da Serra,Região Administrativa de São José dos Campos,Região de Governo de Taubaté,Região Metropolitana do Vale do Paraíba e Litoral Norte,-
3532405,Nazaré Paulista,Região Administrativa de Campinas,Região de Governo de Bragança Paulista,-,-
3532504,Neves Paulista,Região Administrativa de São José do Rio Preto,Região de Governo de São José do Rio Preto,-,-
3532603,Nhandeara,Região Administrativa de São José do Rio Preto,Região de Governo de Votuporanga,-,-
3532702,Nipoã,Região Administrativa de São José do Rio Preto,Região de Governo de São José do Rio Preto,-,-
3532801,Nova Aliança,Região Administrativa de São José do Rio Preto,Região de Governo de São José do Rio Preto,-,-
3532827,Nova Campina,Região Administrativa de Itapeva,Região de Governo de Itapeva,-,-
3532843,Nova Canaã Paulista,Região Administrativa de São José do Rio Preto,Região de Governo de Jales,-,-
3532868,Nova Castilho,Região Administrativa de Araçatuba,Região de Governo de Araçatuba,-,-
3532900,Nova Europa,Região Administrativa Central,Região de Governo de Araraquara,-,-
3533007,Nova Granada,Região Administrativa de São José do Rio Preto,Região de Governo de São José do Rio Preto,-,-
3533106,Nova Guataporanga,Região Administrativa de Presidente Prudente,Região de Governo de Dracena,-,-
3533205,Nova Independência,Região Administrativa de Araçatuba,Região de Governo de Andradina,-,-
3533304,Nova Luzitânia,Região Administrativa de Araçatuba,Região de Governo de Araçatuba,-,-
3533403,Nova Odessa,Região Administrativa de Campinas,Região de Governo de Campinas,Região Metropolitana de Campinas,-
3533254,Novais,Região Administrativa de São José do Rio Preto,Região de Governo de Catanduva,-,-
3533502,Novo Horizonte,Região Administrativa de São José do Rio Preto,Região de Governo de Catanduva,-,-
3533601,Nuporanga,Região Administrativa de Franca,Região de Governo de São Joaquim da Barra,Região Metropolitana de Ribeirão Preto,-
3533700,Ocauçu,Região Administrativa de Marília,Região de Governo de Marília,-,-
3533809,Óleo,Região Administrativa de Marília,Região de Governo de Ourinhos,-,-
3533908,Olímpia,Região Administrativa de Barretos,Região de Governo de Barretos,-,-
3534005,Onda Verde,Região Administrativa de São José do Rio Preto,Região de Governo de São José do Rio Preto,-,-
3534104,Oriente,Região Administrativa de Marília,Região de Governo de Marília,-,-
3534203,Orindiúva,Região Administrativa de São José do Rio Preto,Região de Governo de São José do Rio Preto,-,-
3534302,Orlândia,Região Administrativa de Franca,Região de Governo de São Joaquim da Barra,Região Metropolitana de Ribeirão Preto,-
3534401,Osasco,-,-,Região Metropolitana de São Paulo,-
3534500,Oscar Bressane,Região Administrativa de Marília,Região de Governo de Marília,-,-
3534609,Osvaldo Cruz,Região Administrativa de Presidente Prudente,Região de Governo de Adamantina,-,-
3534708,Ourinhos,Região Administrativa de Marília,Região de Governo de Ourinhos,-,-
3534807,Ouro Verde,Região Administrativa de Presidente Prudente,Região de Governo de Dracena,-,-
3534757,Ouroeste,Região Administrativa de São José do Rio Preto,Região de Governo de Fernandópolis,-,-
3534906,Pacaembu,Região Administrativa de Presidente Prudente,Região de Governo de Adamantina,-,-
3535002,Palestina,Região Administrativa de São José do Rio Preto,Região de Governo de São José do Rio Preto,-,-
3535101,Palmares Paulista,Região Administrativa de São José do Rio Preto,Região de Governo de Catanduva,-,-
3535200,Palmeira d'Oeste,Região Administrativa de São José do Rio Preto,Região de Governo de Jales,-,-
3535309,Palmital,Região Administrativa de Marília,Região de Governo de Assis,-,-
3535408,Panorama,Região Administrativa de Presidente Prudente,Região de Governo de Dracena,-,-
3535507,Paraguaçu Paulista,Região Administrativa de Marília,Região de Governo de Assis,-,-
3535606,Paraibuna,Região Administrativa de São José dos Campos,Região de Governo de São José dos Campos,Região Metropolitana do Vale do Paraíba e Litoral Norte,-
3535705,Paraíso,Região Administrativa de São José do Rio Preto,Região de Governo de Catanduva,-,-
3535804,Paranapanema,Região Administrativa de Itapeva,Região de Governo de Itapeva,-,-
3535903,Paranapuã,Região Administrativa de São José do Rio Preto,Região de Governo de Jales,-,-
3536000,Parapuã,Região Administrativa de Marília,Região de Governo de Tupã,-,-
3536109,Pardinho,Região Administrativa de Sorocaba,Região de Governo de Botucatu,-,-
3536208,Pariquera-Açu,Região Administrativa de Registro,Região de Governo de Registro,-,-
3536257,Parisi,Região Administrativa de São José do Rio Preto,Região de Governo de Votuporanga,-,-
3536307,Patrocínio Paulista,Região Administrativa de Franca,Região de Governo de Franca,-,Aglomeração Urbana de Franca
3536406,Paulicéia,Região Administrativa de Presidente Prudente,Região de Governo de Dracena,-,-
3536505,Paulínia,Região Administrativa de Campinas,Região de Governo de Campinas,Região Metropolitana de Campinas,-
3536570,Paulistânia,Região Administrativa de Bauru,Região de Governo de Bauru,-,-
3536604,Paulo de Faria,Região Administrativa de São José do Rio Preto,Região de Governo de São José do Rio Preto,-,-
3536703,Pederneiras,Região Administrativa de Bauru,Região de Governo de Bauru,-,-
3536802,Pedra Bela,Região Administrativa de Campinas,Região de Governo de Bragança Paulista,-,-
3536901,Pedranópolis,Região Administrativa de São José do Rio Preto,Região de Governo de Fernandópolis,-,-
3537008,Pedregulho,Região Administrativa de Franca,Região de Governo de Franca,-,Aglomeração Urbana de Franca
3537107,Pedreira,Região Administrativa de Campinas,Região de Governo de Campinas,Região Metropolitana de Campinas,-
3537156,Pedrinhas Paulista,Região Administrativa de Marília,Região de Governo de Assis,-,-
3537206,Pedro de Toledo,Região Administrativa de Registro,Região de Governo de Registro,-,-
3537305,Penápolis,Região Administrativa de Araçatuba,Região de Governo de Araçatuba,-,-
3537404,Pereira Barreto,Região Administrativa de Araçatuba,Região de Governo de Andradina,-,-
3537503,Pereiras,Região Administrativa de Sorocaba,Região de Governo de Botucatu,-,-
3537602,Peruíbe,Região Administrativa de Santos,Região de Governo de Santos,Região Metropolitana da Baixada Santista,-
3537701,Piacatu,Região Administrativa de Araçatuba,Região de Governo de Araçatuba,-,-
3537800,Piedade,Região Administrativa de Sorocaba,Região de Governo de Sorocaba,Região Metropolitana de Sorocaba,-
3537909,Pilar do Sul,Região Administrativa de Sorocaba,Região de Governo de Sorocaba,Região Metropolitana de Sorocaba,-
3538006,Pindamonhangaba,Região Administrativa de São José dos Campos,Região de Governo de Taubaté,Região Metropolitana do Vale do Paraíba e Litoral Norte,-
3538105,Pindorama,Região Administrativa de São José do Rio Preto,Região de Governo de Catanduva,-,-
3538204,Pinhalzinho,Região Administrativa de Campinas,Região de Governo de Bragança Paulista,-,-
3538303,Piquerobi,Região Administrativa de Presidente Prudente,Região de Governo de Presidente Prudente,-,-
3538501,Piquete,Região Administrativa de São José dos Campos,Região de Governo de Guaratinguetá,Região Metropolitana do Vale do Paraíba e Litoral Norte,-
3538600,Piracaia,Região Administrativa de Campinas,Região de Governo de Bragança Paulista,-,-
3538709,Piracicaba,Região Administrativa de Campinas,Região de Governo de Piracicaba,-,Aglomeração Urbana de Piracicaba
3538808,Piraju,Região Administrativa de Itapeva,Região de Governo de Itapeva,-,-
3538907,Pirajuí,Região Administrativa de Bauru,Região de Governo de Bauru,-,-
3539004,Pirangi,Região Administrativa de Barretos,Região de Governo de Barretos,-,-
3539103,Pirapora do Bom Jesus,-,-,Região Metropolitana de São Paulo,-
3539202,Pirapozinho,Região Administrativa de Presidente Prudente,Região de Governo de Presidente Prudente,-,-
3539301,Pirassununga,Região Administrativa de Campinas,Região de Governo de Limeira,-,-
3539400,Piratininga,Região Administrativa de Bauru,Região de Governo de Bauru,-,-
3539509,Pitangueiras,Região Administrativa de Ribeirão Preto,Região de Governo de Ribeirão Preto,Região Metropolitana de Ribeirão Preto,-
3539608,Planalto,Região Administrativa de São José do Rio Preto,Região de Governo de São José do Rio Preto,-,-
3539707,Platina,Região Administrativa de Marília,Região de Governo de Assis,-,-
3539806,Poá,-,-,Região Metropolitana de São Paulo,-
3539905,Poloni,Região Administrativa de São José do Rio Preto,Região de Governo de São José do Rio Preto,-,-
3540002,Pompéia,Região Administrativa de Marília,Região de Governo de Marília,-,-
3540101,Pongaí,Região Administrativa de Bauru,Região de Governo de Lins,-,-
3540200,Pontal,Região Administrativa de Ribeirão Preto,Região de Governo de Ribeirão Preto,Região Metropolitana de Ribeirão Preto,-
3540259,Pontalinda,Região Administrativa de São José do Rio Preto,Região de Governo de Jales,-,-
3540309,Pontes Gestal,Região Administrativa de São José do Rio Preto,Região de Governo de Votuporanga,-,-
3540408,Populina,Região Administrativa de São José do Rio Preto,Região de Governo de Fernandópolis,-,-
3540507,Porangaba,Região Administrativa de Sorocaba,Região de Governo de Botucatu,-,-
3540606,Porto Feliz,Região Administrativa de Sorocaba,Região de Governo de Sorocaba,Região Metropolitana de Sorocaba,-
3540705,Porto Ferreira,Região Administrativa Central,Região de Governo de São Carlos,-,-
3540754,Potim,Região Administrativa de São José dos Campos,Região de Governo de Guaratinguetá,Região Metropolitana do Vale do Paraíba e Litoral Norte,-
3540804,Potirendaba,Região Administrativa de São José do Rio Preto,Região de Governo de São José do Rio Preto,-,-
3540853,Pracinha,Região Administrativa de Presidente Prudente,Região de Governo de Adamantina,-,-
3540903,Pradópolis,Região Administrativa de Ribeirão Preto,Região de Governo de Ribeirão Preto,Região Metropolitana de Ribeirão Preto,-
3541000,Praia Grande,Região Administrativa de Santos,Região de Governo de Santos,Região Metropolitana da Baixada Santista,-
3541059,Pratânia,Região Administrativa de Sorocaba,Região de Governo de Botucatu,-,-
3541109,Presidente Alves,Região Administrativa de Bauru,Região de Governo de Bauru,-,-
3541208,Presidente Bernardes,Região Administrativa de Presidente Prudente,Região de Governo de Presidente Prudente,-,-
3541307,Presidente Epitácio,Região Administrativa de Presidente Prudente,Região de Governo de Presidente Prudente,-,-
3541406,Presidente Prudente,Região Administrativa de Presidente Prudente,Região de Governo de Presidente Prudente,-,-
3541505,Presidente Venceslau,Região Administrativa de Presidente Prudente,Região de Governo de Presidente Prudente,-,-
3541604,Promissão,Região Administrativa de Bauru,Região de Governo de Lins,-,-
3541653,Quadra,Região Administrativa de Sorocaba,Região de Governo de Itapetininga,-,-
3541703,Quatá,Região Administrativa de Marília,Região de Governo de Tupã,-,-
3541802,Queiroz,Região Administrativa de Marília,Região de Governo de Tupã,-,-
3541901,Queluz,Região Administrativa de São José dos Campos,Região de Governo de Cruzeiro,Região Metropolitana do Vale do Paraíba e Litoral Norte,-
3542008,Quintana,Região Administrativa de Marília,Região de Governo de Tupã,-,-
3542107,Rafard,Região Administrativa de Campinas,Região de Governo de Piracicaba,-,Aglomeração Urbana de Piracicaba
3542206,Rancharia,Região Administrativa de Presidente Prudente,Região de Governo de Presidente Prudente,-,-
3542305,Redenção da Serra,Região Administrativa de São José dos Campos,Região de Governo de Taubaté,Região Metropolitana do Vale do Paraíba e Litoral Norte,-
3542404,Regente Feijó,Região Administrativa de Presidente Prudente,Região de Governo de Presidente Prudente,-,-
3542503,Reginópolis,Região Administrativa de Bauru,Região de Governo de Bauru,-,-
3542602,Registro,Região Administrativa de Registro,Região de Governo de Registro,-,-
3542701,Restinga,Região Administrativa de Franca,Região de Governo de Franca,-,Aglomeração Urbana de Franca
3542800,Ribeira,Região Administrativa de Itapeva,Região de Governo de Itapeva,-,-
3542909,Ribeirão Bonito,Região Administrativa Central,Região de Governo de São Carlos,-,-
3543006,Ribeirão Branco,Região Administrativa de Itapeva,Região de Governo de Itapeva,-,-
3543105,Ribeirão Corrente,Região Administrativa de Franca,Região de Governo de Franca,-,Aglomeração Urbana de Franca
3543204,Ribeirão do Sul,Região Administrativa de Marília,Região de Governo de Ourinhos,-,-
3543238,Ribeirão dos Índios,Região Administrativa de Presidente Prudente,Região de Governo de Presidente Prudente,-,-
3543253,Ribeirão Grande,Região Administrativa de Itapeva,Região de Governo de Itapeva,-,-
3543303,Ribeirão Pires,-,-,Região Metropolitana de São Paulo,-
3543402,Ribeirão Preto,Região Administrativa de Ribeirão Preto,Região de Governo de Ribeirão Preto,Região Metropolitana de Ribeirão Preto,-
3543600,Rifaina,Região Administrativa de Franca,Região de Governo de Franca,-,Aglomeração Urbana de Franca
3543709,Rincão,Região Administrativa Central,Região de Governo de Araraquara,-,-
3543808,Rinópolis,Região Administrativa de Marília,Região de Governo de Tupã,-,-
3543907,Rio Claro,Região Administrativa de Campinas,Região de Governo de Rio Claro,-,Aglomeração Urbana de Piracicaba
3544004,Rio das Pedras,Região Administrativa de Campinas,Região de Governo de Piracicaba,-,Aglomeração Urbana de Piracicaba
3544103,Rio Grande da Serra,-,-,Região Metropolitana de São Paulo,-
3544202,Riolândia,Região Administrativa de São José do Rio Preto,Região de Governo de Votuporanga,-,-
3543501,Riversul,Região Administrativa de Itapeva,Região de Governo de Itapeva,-,-
3544251,Rosana,Região Administrativa de Presidente Prudente,Região de Governo de Presidente Prudente,-,-
3544301,Roseira,Região Administrativa de São José dos Campos,Região de Governo de Guaratinguetá,Região Metropolitana do Vale do Paraíba e Litoral Norte,-
3544400,Rubiácea,Região Administrativa de Araçatuba,Região de Governo de Araçatuba,-,-
3544509,Rubinéia,Região Administrativa de São José do Rio Preto,Região de Governo de Jales,-,-
3544608,Sabino,Região Administrativa de Bauru,Região de Governo de Lins,-,-
3544707,Sagres,Região Administrativa de Presidente Prudente,Região de Governo de Adamantina,-,-
3544806,Sales,Região Administrativa de São José do Rio Preto,Região de Governo de Catanduva,-,-
3544905,Sales Oliveira,Região Administrativa de Franca,Região de Governo de São Joaquim da Barra,Região Metropolitana de Ribeirão Preto,-
3545001,Salesópolis,-,-,Região Metropolitana de São Paulo,-
3545100,Salmourão,Região Administrativa de Presidente Prudente,Região de Governo de Adamantina,-,-
3545159,Saltinho,Região Administrativa de Campinas,Região de Governo de Piracicaba,-,Aglomeração Urbana de Piracicaba
3545209,Salto,Região Administrativa de Sorocaba,Região de Governo de Sorocaba,Região Metropolitana de Sorocaba,-
3545308,Salto de Pirapora,Região Administrativa de Sorocaba,Região de Governo de Sorocaba,Região Metropolitana de Sorocaba,-
3545407,Salto Grande,Região Administrativa de Marília,Região de Governo de Ourinhos,-,-
3545506,Sandovalina,Região Administrativa de Presidente Prudente,Região de Governo de Presidente Prudente,-,-
3545605,Santa Adélia,Região Administrativa de São José do Rio Preto,Região de Governo de Catanduva,-,-
3545704,Santa Albertina,Região Administrativa de São José do Rio Preto,Região de Governo de Jales,-,-
3545803,Santa Bárbara d'Oeste,Região Administrativa de Campinas,Região de Governo de Campinas,Região Metropolitana de Campinas,-
3546009,Santa Branca,Região Administrativa de São José dos Campos,Região de Governo de São José dos Campos,Região Metropolitana do Vale do Paraíba e Litoral Norte,-
3546108,Santa Clara d'Oeste,Região Administrativa de São José do Rio Preto,Região de Governo de Jales,-,-
3546207,Santa Cruz da Conceição,Região Administrativa de Campinas,Região de Governo de Limeira,-,-
3546256,Santa Cruz da Esperança,Região Administrativa de Ribeirão Preto,Região de Governo de Ribeirão Preto,Região Metropolitana de Ribeirão Preto,-
3546306,Santa Cruz das Palmeiras,Região Administrativa de Campinas,Região de Governo de São João da Boa Vista,-,-
3546405,Santa Cruz do Rio Pardo,Região Administrativa de Marília,Região de Governo de Ourinhos,-,-
3546504,Santa Ernestina,Região Administrativa Central,Região de Governo de Araraquara,-,-
3546603,Santa Fé do Sul,Região Administrativa de São José do Rio Preto,Região de Governo de Jales,-,-
3546702,Santa Gertrudes,Região Administrativa de Campinas,Região de Governo de Rio Claro,-,Aglomeração Urbana de Piracicaba
3546801,Santa Isabel,-,-,Região Metropolitana de São Paulo,-
3546900,Santa Lúcia,Região Administrativa Central,Região de Governo de Araraquara,-,-
3547007,Santa Maria da Serra,Região Administrativa de Campinas,Região de Governo de Piracicaba,-,Aglomeração Urbana de Piracicaba
3547106,Santa Mercedes,Região Administrativa de Presidente Prudente,Região de Governo de Dracena,-,-
3547403,Santa Rita d'Oeste,Região Administrativa de São José do Rio Preto,Região de Governo de Jales,-,-
3547502,Santa Rita do Passa Quatro,Região Administrativa Central,Região de Governo de São Carlos,Região Metropolitana de Ribeirão Preto,-
3547601,Santa Rosa de Viterbo,Região Administrativa de Ribeirão Preto,Região de Governo de Ribeirão Preto,Região Metropolitana de Ribeirão Preto,-
3547650,Santa Salete,Região Administrativa de São José do Rio Preto,Região de Governo de Jales,-,-
3547205,Santana da Ponte Pensa,Região Administrativa de São José do Rio Preto,Região de Governo de Jales,-,-
3547304,Santana de Parnaíba,-,-,Região Metropolitana de São Paulo,-
3547700,Santo Anastácio,Região Administrativa de Presidente Prudente,Região de Governo de Presidente Prudente,-,-
3547809,Santo André,-,-,Região Metropolitana de São Paulo,-
3547908,Santo Antônio da Alegria,Região Administrativa de Ribeirão Preto,Região de Governo de Ribeirão Preto,Região Metropolitana de Ribeirão Preto,-
3548005,Santo Antônio de Posse,Região Administrativa de Campinas,Região de Governo de Campinas,Região Metropolitana de Campinas,-
3548054,Santo Antônio do Aracanguá,Região Administrativa de Araçatuba,Região de Governo de Araçatuba,-,-
3548104,Santo Antônio do Jardim,Região Administrativa de Campinas,Região de Governo de São João da Boa Vista,-,-
3548203,Santo Antônio do Pinhal,Região Administrativa de São José dos Campos,Região de Governo de Taubaté,Região Metropolitana do Vale do Paraíba e Litoral Norte,-
3548302,Santo Expedito,Região Administrativa de Presidente Prudente,Região de Governo de Presidente Prudente,-,-
3548401,Santópolis do Aguapeí,Região Administrativa de Araçatuba,Região de Governo de Araçatuba,-,-
3548500,Santos,Região Administrativa de Santos,Região de Governo de Santos,Região Metropolitana da Baixada Santista,-
3548609,São Bento do Sapucaí,Região Administrativa de São José dos Campos,Região de Governo de Taubaté,Região Metropolitana do Vale do Paraíba e Litoral Norte,-
3548708,São Bernardo do Campo,-,-,Região Metropolitana de São Paulo,-
3548807,São Caetano do Sul,-,-,Região Metropolitana de São Paulo,-
3548906,São Carlos,Região Administrativa Central,Região de Governo de São Carlos,-,-
3549003,São Francisco,Região Administrativa de São José do Rio Preto,Região de Governo de Jales,-,-
3549102,São João da Boa Vista,Região Administrativa de Campinas,Região de Governo de São João da Boa Vista,-,-
3549201,São João das Duas Pontes,Região Administrativa de São José do Rio Preto,Região de Governo de Fernandópolis,-,-
3549250,São João de Iracema,Região Administrativa de Araçatuba,Região de Governo de Araçatuba,-,-
3549300,São João do Pau d'Alho,Região Administrativa de Presidente Prudente,Região de Governo de Dracena,-,-
3549409,São Joaquim da Barra,Região Administrativa de Franca,Região de Governo de São Joaquim da Barra,-,Aglomeração Urbana de Franca
3549508,São José da Bela Vista,Região Administrativa de Franca,Região de Governo de Franca,-,Aglomeração Urbana de Franca
3549607,São José do Barreiro,Região Administrativa de São José dos Campos,Região de Governo de Cruzeiro,Região Metropolitana do Vale do Paraíba e Litoral Norte,-
3549706,São José do Rio Pardo,Região Administrativa de Campinas,Região de Governo de São João da Boa Vista,-,-
3549805,São José do Rio Preto,Região Administrativa de São José do Rio Preto,Região de Governo de São José do Rio Preto,-,-
3549904,São José dos Campos,Região Administrativa de São José dos Campos,Região de Governo de São José dos Campos,Região Metropolitana do Vale do Paraíba e Litoral Norte,-
3549953,São Lourenço da Serra,-,-,Região Metropolitana de São Paulo,-
3550001,São Luís do Paraitinga,Região Administrativa de São José dos Campos,Região de Governo de Taubaté,Região Metropolitana do Vale do Paraíba e Litoral Norte,-
3550100,São Manuel,Região Administrativa de Sorocaba,Região de Governo de Botucatu,-,-
3550209,São Miguel Arcanjo,Região Administrativa de Sorocaba,Região de Governo de Itapetininga,Região Metropolitana de Sorocaba,-
3550308,São Paulo,-,-,Região Metropolitana de São Paulo,-
3550407,São Pedro,Região Administrativa de Campinas,Região de Governo de Piracicaba,-,Aglomeração Urbana de Piracicaba
3550506,São Pedro do Turvo,Região Administrativa de Marília,Região de Governo de Ourinhos,-,-
3550605,São Roque,Região Administrativa de Sorocaba,Região de Governo de Sorocaba,Região Metropolitana de Sorocaba,-
3550704,São Sebastião,Região Administrativa de São José dos Campos,Região de Governo de Caraguatatuba,Região Metropolitana do Vale do Paraíba e Litoral Norte,-
3550803,São Sebastião da Grama,Região Administrativa de Campinas,Região de Governo de São João da Boa Vista,-,-
3550902,São Simão,Região Administrativa de Ribeirão Preto,Região de Governo de Ribeirão Preto,Região Metropolitana de Ribeirão Preto,-
3551009,São Vicente,Região Administrativa de Santos,Região de Governo de Santos,Região Metropolitana da Baixada Santista,-
3551108,Sarapuí,Região Administrativa de Sorocaba,Região de Governo de Itapetininga,Região Metropolitana de Sorocaba,-
3551207,Sarutaiá,Região Administrativa de Itapeva,Região de Governo de Itapeva,-,-
3551306,Sebastianópolis do Sul,Região Administrativa de São José do Rio Preto,Região de Governo de Votuporanga,-,-
3551405,Serra Azul,Região Administrativa de Ribeirão Preto,Região de Governo de Ribeirão Preto,Região Metropolitana de Ribeirão Preto,-
3551603,Serra Negra,Região Administrativa de Campinas,Região de Governo de Bragança Paulista,-,-
3551504,Serrana,Região Administrativa de Ribeirão Preto,Região de Governo de Ribeirão Preto,Região Metropolitana de Ribeirão Preto,-
3551702,Sertãozinho,Região Administrativa de Ribeirão Preto,Região de Governo de Ribeirão Preto,Região Metropolitana de Ribeirão Preto,-
3551801,Sete Barras,Região Administrativa de Registro,Região de Governo de Registro,-,-
3551900,Severínia,Região Administrativa de Barretos,Região de Governo de Barretos,-,-
3552007,Silveiras,Região Administrativa de São José dos Campos,Região de Governo de Cruzeiro,Região Metropolitana do Vale do Paraíba e Litoral Norte,-
3552106,Socorro,Região Administrativa de Campinas,Região de Governo de Bragança Paulista,-,-
3552205,Sorocaba,Região Administrativa de Sorocaba,Região de Governo de Sorocaba,Região Metropolitana de Sorocaba,-
3552304,Sud Mennucci,Região Administrativa de Araçatuba,Região de Governo de Andradina,-,-
3552403,Sumaré,Região Administrativa de Campinas,Região de Governo de Campinas,Região Metropolitana de Campinas,-
3552551,Suzanápolis,Região Administrativa de Araçatuba,Região de Governo de Andradina,-,-
3552502,Suzano,-,-,Região Metropolitana de São Paulo,-
3552601,Tabapuã,Região Administrativa de São José do Rio Preto,Região de Governo de Catanduva,-,-
3552700,Tabatinga,Região Administrativa Central,Região de Governo de Araraquara,-,-
3552809,Taboão da Serra,-,-,Região Metropolitana de São Paulo,-
3552908,Taciba,Região Administrativa de Presidente Prudente,Região de Governo de Presidente Prudente,-,-
3553005,Taguaí,Região Administrativa de Itapeva,Região de Governo de Itapeva,-,-
3553104,Taiaçu,Região Administrativa de Barretos,Região de Governo de Barretos,-,-
3553203,Taiúva,Região Administrativa de Barretos,Região de Governo de Barretos,Região Metropolitana de Ribeirão Preto,-
3553302,Tambaú,Região Administrativa de Campinas,Região de Governo de São João da Boa Vista,Região Metropolitana de Ribeirão Preto,-
3553401,Tanabi,Região Administrativa de São José do Rio Preto,Região de Governo de São José do Rio Preto,-,-
3553500,Tapiraí,Região Administrativa de Sorocaba,Região de Governo de Sorocaba,Região Metropolitana de Sorocaba,-
3553609,Tapiratiba,Região Administrativa de Campinas,Região de Governo de São João da Boa Vista,-,-
3553658,Taquaral,Região Administrativa de Ribeirão Preto,Região de Governo de Ribeirão Preto,Região Metropolitana de Ribeirão Preto,-
3553708,Taquaritinga,Região Administrativa Central,Região de Governo de Araraquara,-,-
3553807,Taquarituba,Região Administrativa de Itapeva,Região de Governo de Itapeva,-,-
3553856,Taquarivaí,Região Administrativa de Itapeva,Região de Governo de Itapeva,-,-
3553906,Tarabai,Região Administrativa de Presidente Prudente,Região de Governo de Presidente Prudente,-,-
3553955,Tarumã,Região Administrativa de Marília,Região de Governo de Assis,-,-
3554003,Tatuí,Região Administrativa de Sorocaba,Região de Governo de Itapetininga,Região Metropolitana de Sorocaba,-
3554102,Taubaté,Região Administrativa de São José dos Campos,Região de Governo de Taubaté,Região Metropolitana do Vale do Paraíba e Litoral Norte,-
3554201,Tejupá,Região Administrativa de Itapeva,Região de Governo de Itapeva,-,-
3554300,Teodoro Sampaio,Região Administrativa de Presidente Prudente,Região de Governo de Presidente Prudente,-,-
3554409,Terra Roxa,Região Administrativa de Barretos,Região de Governo de Barretos,-,-
3554508,Tietê,Região Administrativa de Sorocaba,Região de Governo de Sorocaba,Região Metropolitana de Sorocaba,-
3554607,Timburi,Região Administrativa de Marília,Região de Governo de Ourinhos,-,-
3554656,Torre de Pedra,Região Administrativa de Sorocaba,Região de Governo de Botucatu,-,-
3554706,Torrinha,Região Administrativa de Campinas,Região de Governo de Rio Claro,-,-
3554755,Trabiju,Região Administrativa Central,Região de Governo de Araraquara,-,-
3554805,Tremembé,Região Administrativa de São José dos Campos,Região de Governo de Taubaté,Região Metropolitana do Vale do Paraíba e Litoral Norte,-
3554904,Três Fronteiras,Região Administrativa de São José do Rio Preto,Região de Governo de Jales,-,-
3554953,Tuiuti,Região Administrativa de Campinas,Região de Governo de Bragança Paulista,-,-
3555000,Tupã,Região Administrativa de Marília,Região de Governo de Tupã,-,-
3555109,Tupi Paulista,Região Administrativa de Presidente Prudente,Região de Governo de Dracena,-,-
3555208,Turiúba,Região Administrativa de Araçatuba,Região de Governo de Araçatuba,-,-
3555307,Turmalina,Região Administrativa de São José do Rio Preto,Região de Governo de Fernandópolis,-,-
3555356,Ubarana,Região Administrativa de São José do Rio Preto,Região de Governo de São José do Rio Preto,-,-
3555406,Ubatuba,Região Administrativa de São José dos Campos,Região de Governo de Caraguatatuba,Região Metropolitana do Vale do Paraíba e Litoral Norte,-
3555505,Ubirajara,Região Administrativa de Bauru,Região de Governo de Bauru,-,-
3555604,Uchoa,Região Administrativa de São José do Rio Preto,Região de Governo de São José do Rio Preto,-,-
3555703,União Paulista,Região Administrativa de São José do Rio Preto,Região de Governo de São José do Rio Preto,-,-
3555802,Urânia,Região Administrativa de São José do Rio Preto,Região de Governo de Jales,-,-
3555901,Uru,Região Administrativa de Bauru,Região de Governo de Lins,-,-
3556008,Urupês,Região Administrativa de São José do Rio Preto,Região de Governo de Catanduva,-,-
3556107,Valentim Gentil,Região Administrativa de São José do Rio Preto,Região de Governo de Votuporanga,-,-
3556206,Valinhos,Região Administrativa de Campinas,Região de Governo de Campinas,Região Metropolitana de Campinas,-
3556305,Valparaíso,Região Administrativa de Araçatuba,Região de Governo de Araçatuba,-,-
3556354,Vargem,Região Administrativa de Campinas,Região de Governo de Bragança Paulista,-,-
3556404,Vargem Grande do Sul,Região Administrativa de Campinas,Região de Governo de São João da Boa Vista,-,-
3556453,Vargem Grande Paulista,-,-,Região Metropolitana de São Paulo,-
3556503,Várzea Paulista,Região Administrativa de Campinas,Região de Governo de Jundiaí,-,Aglomeração Urbana de Jundiaí
3556602,Vera Cruz,Região Administrativa de Marília,Região de Governo de Marília,-,-
3556701,Vinhedo,Região Administrativa de Campinas,Região de Governo de Campinas,Região Metropolitana de Campinas,-
3556800,Viradouro,Região Administrativa de Barretos,Região de Governo de Barretos,-,-
3556909,Vista Alegre do Alto,Região Administrativa de Barretos,Região de Governo de Barretos,-,-
3556958,Vitória Brasil,Região Administrativa de São José do Rio Preto,Região de Governo de Jales,-,-
3557006,Votorantim,Região Administrativa de Sorocaba,Região de Governo de Sorocaba,Região Metropolitana de Sorocaba,-
3557105,Votuporanga,Região Administrativa de São José do Rio Preto,Região de Governo de Votuporanga,-,-
3557154,Zacarias,Região Administrativa de São José do Rio Preto,Região de Governo de São José do Rio Preto,-,-
